City,Country,Latitude,Longitude,Temperature (F),Humidity (%),Cloudiness (%),Wind Speed (mph),Hemisphere
hobart,au,-42.88,147.33,56.25,58,20,12.75,Southern
port alfred,za,-33.59,26.89,57.0,95,94,5.57,Southern
rikitea,pf,-23.12,-134.97,75.34,82,53,16.13,Southern
vaini,to,-21.2,-175.2,71.94,70,2,25.3,Southern
ushuaia,ar,-54.8,-68.3,42.8,70,40,5.82,Southern
kilindoni,tz,-7.91,39.67,78.13,69,62,15.23,Southern
atuona,pf,-9.8,-139.03,80.47,73,1,10.65,Southern
saldanha,za,-33.01,17.94,50.0,81,0,3.36,Southern
voh,nc,-20.97,164.7,74.25,69,20,6.02,Southern
avarua,ck,-21.21,-159.78,75.2,64,20,8.05,Southern
faanui,pf,-16.48,-151.75,79.9,84,43,15.52,Southern
rio gallegos,ar,-51.62,-69.22,32.0,89,100,1.12,Southern
hermanus,za,-34.42,19.23,52.0,90,28,1.01,Southern
port elizabeth,za,-33.92,25.57,55.4,93,48,2.24,Southern
east london,za,-33.02,27.91,62.13,71,89,7.25,Southern
mount isa,au,-20.73,139.5,59.0,41,0,5.82,Southern
padang,id,-0.95,100.35,77.68,77,12,4.38,Southern
bengkulu,id,-3.8,102.27,77.38,81,21,3.74,Southern
kaitangata,nz,-46.28,169.85,48.74,78,78,5.59,Southern
laguna,br,-28.48,-48.78,63.5,83,37,15.97,Southern
jamestown,sh,-15.94,-5.72,66.22,84,77,17.98,Southern
ambon,id,-3.7,128.18,80.4,83,95,10.0,Southern
biak,id,-0.91,122.88,76.68,83,81,5.41,Southern
general roca,ar,-39.03,-67.58,44.6,65,100,2.24,Southern
mahebourg,mu,-20.41,57.7,71.6,78,75,16.11,Southern
carnarvon,au,-24.87,113.63,65.26,30,0,16.53,Southern
victoria,sc,-4.62,55.45,84.2,79,40,12.75,Southern
punta arenas,cl,-53.15,-70.92,37.2,86,20,6.93,Southern
albany,au,-35.02,117.89,55.4,71,75,9.17,Southern
saint-philippe,re,-21.36,55.77,60.71,77,70,16.11,Southern
manono,cd,-7.3,27.42,65.79,50,0,2.75,Southern
pisco,pe,-13.7,-76.22,67.14,72,20,6.93,Southern
lebu,cl,-37.62,-73.65,54.27,88,100,30.09,Southern
kaeo,nz,-35.1,173.78,56.44,3,100,1.99,Southern
bredasdorp,za,-34.53,20.04,48.2,93,4,3.6,Southern
katobu,id,-4.94,122.53,74.82,92,25,3.58,Southern
port-gentil,ga,-0.72,8.78,75.2,94,40,11.41,Southern
busselton,au,-33.65,115.33,53.62,84,99,5.41,Southern
new norfolk,au,-42.78,147.06,53.56,78,48,5.01,Southern
hithadhoo,mv,-0.6,73.08,84.4,76,80,15.23,Southern
merauke,id,-8.47,140.33,78.8,84,100,18.07,Southern
balikpapan,id,-1.27,116.83,74.82,95,99,1.88,Southern
castro,cl,-42.47,-73.77,50.14,81,90,10.29,Southern
malanje,ao,-9.54,16.34,60.46,42,0,2.89,Southern
coihaique,cl,-45.58,-72.07,35.6,93,90,3.0,Southern
cape town,za,-33.93,18.42,52.25,87,0,3.36,Southern
kupang,id,-10.17,123.58,77.0,88,20,12.75,Southern
bambous virieux,mu,-20.34,57.76,70.38,78,75,16.11,Southern
belfast,za,-25.69,30.04,35.01,32,0,4.0,Southern
pirenopolis,br,-15.85,-48.96,68.0,49,0,10.29,Southern
roma,au,-26.58,148.78,48.69,67,76,7.63,Southern
nchelenge,zm,-9.35,28.73,62.94,56,0,5.08,Southern
port lincoln,au,-34.73,135.87,57.51,77,55,13.29,Southern
alto araguaia,br,-17.31,-53.22,69.85,59,0,6.15,Southern
sumenep,id,-7.02,113.87,79.5,84,90,8.52,Southern
bluff,nz,-46.6,168.33,51.85,83,84,13.18,Southern
isangel,vu,-19.55,169.27,77.0,73,40,11.41,Southern
alta floresta,br,-9.88,-56.09,87.8,45,40,1.12,Southern
marau,br,-28.45,-52.2,61.39,93,86,4.38,Southern
port hedland,au,-20.32,118.57,60.8,48,0,8.05,Southern
mar del plata,ar,-38.0,-57.56,53.26,76,67,13.87,Southern
georgetown,sh,-7.93,-14.42,78.06,72,4,15.57,Southern
coquimbo,cl,-29.95,-71.34,57.2,82,75,11.41,Southern
griffith,au,-34.28,146.03,46.22,87,36,5.82,Southern
broken hill,au,-31.95,141.43,51.8,53,0,10.29,Southern
daru,pg,-9.08,143.21,79.09,86,100,16.22,Southern
flinders,au,-34.58,150.86,59.58,70,0,7.0,Southern
bulawayo,zw,-20.15,28.58,50.47,56,0,9.62,Southern
finschhafen,pg,-6.6,147.87,80.51,78,99,7.4,Southern
souillac,mu,-20.52,57.52,71.6,78,75,16.11,Southern
moranbah,au,-22.0,148.05,61.32,53,59,16.22,Southern
tocopilla,cl,-22.09,-70.2,63.52,69,22,10.76,Southern
kismayo,so,-0.36,42.55,79.05,75,100,19.57,Southern
tuatapere,nz,-46.13,167.68,52.86,83,67,5.48,Southern
mildura,au,-34.2,142.15,52.86,71,40,5.82,Southern
plettenberg bay,za,-34.05,23.37,55.26,79,1,3.98,Southern
iquique,cl,-20.22,-70.14,62.6,67,40,13.87,Southern
quirinopolis,br,-18.45,-50.45,69.31,55,0,6.02,Southern
ancud,cl,-41.87,-73.82,49.89,81,90,10.29,Southern
hualmay,pe,-11.1,-77.61,65.89,75,59,11.43,Southern
arraial do cabo,br,-22.97,-42.03,71.6,73,40,5.82,Southern
fayaoue,nc,-20.65,166.53,73.63,78,0,20.45,Southern
alofi,nu,-19.06,-169.92,75.2,73,75,17.22,Southern
karratha,au,-20.74,116.85,68.13,37,0,14.99,Southern
rio grande,br,-32.03,-52.1,57.34,91,56,8.12,Southern
oranjemund,na,-28.55,16.43,60.4,31,0,10.4,Southern
saint-paul,re,-21.01,55.27,59.94,73,13,13.87,Southern
namibe,ao,-15.2,12.15,70.9,64,14,1.39,Southern
bambanglipuro,id,-7.95,110.28,77.11,90,6,5.93,Southern
morondava,mg,-20.28,44.28,70.12,67,0,6.78,Southern
maceio,br,-9.67,-35.74,71.6,94,90,3.36,Southern
yulara,au,-25.24,130.99,42.8,56,2,9.17,Southern
port moresby,pg,-9.44,147.18,77.85,85,15,11.39,Southern
neiafu,to,-18.65,-173.98,74.93,75,7,29.91,Southern
yeppoon,au,-23.13,150.73,60.8,72,90,5.82,Southern
paita,pe,-5.09,-81.11,75.2,69,1,19.46,Southern
chuy,uy,-33.7,-53.46,53.96,86,47,9.17,Southern
kavieng,pg,-2.57,150.8,84.47,72,62,12.55,Southern
torres,br,-29.34,-49.73,59.54,90,82,6.02,Southern
galesong,id,-5.32,119.37,75.2,100,20,2.24,Southern
gizo,sb,-8.1,156.84,83.86,72,65,7.0,Southern
puerto ayora,ec,-0.74,-90.35,76.42,65,20,19.46,Southern
viedma,ar,-40.81,-63.0,49.35,50,100,9.31,Southern
westport,nz,-41.75,171.6,58.77,90,95,8.77,Southern
colac,au,-38.33,143.58,49.33,98,99,1.99,Southern
kununurra,au,-15.77,128.73,71.6,37,25,4.7,Southern
copiapo,cl,-27.37,-70.33,59.0,67,75,3.36,Southern
quatre cocos,mu,-20.21,57.76,70.23,78,75,16.11,Southern
kualakapuas,id,-3.01,114.39,73.87,98,63,3.18,Southern
manta,ec,-0.95,-80.73,77.0,83,90,9.17,Southern
namatanai,pg,-3.67,152.43,82.2,76,91,5.86,Southern
geraldton,au,-28.77,114.6,48.2,87,0,10.29,Southern
inhambane,mz,-23.86,35.38,64.98,77,32,7.29,Southern
santo domingo,ec,-0.25,-79.15,75.24,81,64,4.63,Southern
talara,pe,-4.58,-81.27,75.2,69,3,19.46,Southern
chicama,pe,-7.84,-79.15,69.04,69,11,9.13,Southern
pio ix,br,-6.84,-40.58,71.73,77,62,6.44,Southern
santo antonio do sudoeste,br,-26.07,-53.73,63.75,95,0,2.89,Southern
oudtshoorn,za,-33.59,22.2,46.4,93,0,3.36,Southern
jambi,id,-1.6,103.62,75.31,95,45,2.3,Southern
kandrian,pg,-6.22,149.55,80.62,83,49,7.18,Southern
lubao,cd,-5.37,25.75,71.67,47,13,4.61,Southern
port macquarie,au,-31.43,152.92,46.22,87,0,4.7,Southern
thinadhoo,mv,0.53,72.93,84.29,75,99,14.14,Northern
antalaha,mg,-14.9,50.28,71.92,84,94,6.51,Southern
puerto madryn,ar,-42.77,-65.04,50.43,58,100,21.65,Southern
mount gambier,au,-37.83,140.77,53.6,93,75,10.29,Southern
itarema,br,-2.92,-39.92,78.94,84,41,10.69,Southern
hervey bay,au,-25.3,152.85,64.0,92,36,8.99,Southern
margate,za,-30.86,30.37,57.4,63,2,10.13,Southern
piquete,br,-22.61,-45.18,61.14,86,34,1.83,Southern
port augusta,au,-32.5,137.77,49.53,87,45,10.29,Southern
poum,nc,-20.23,164.02,74.19,76,14,17.31,Southern
sawtell,au,-30.38,153.1,50.81,100,2,5.82,Southern
vao,nc,-22.67,167.48,73.15,69,0,20.15,Southern
puerto quijarro,bo,-17.78,-57.77,75.94,52,4,0.72,Southern
kaoma,zm,-14.78,24.8,53.26,69,0,6.62,Southern
mazagao,br,-0.12,-51.29,84.2,74,75,4.7,Southern
chokwe,mz,-24.53,32.98,58.6,93,0,4.9,Southern
alice springs,au,-23.7,133.88,39.2,60,100,7.36,Southern
rocha,uy,-34.48,-54.33,49.8,86,33,11.05,Southern
santa vitoria,br,-18.84,-50.12,70.39,53,0,7.43,Southern
huanuco,pe,-9.93,-76.24,68.85,54,94,6.15,Southern
necochea,ar,-38.55,-58.74,51.01,59,32,14.0,Southern
mineiros,br,-17.57,-52.55,67.17,67,0,4.18,Southern
sibolga,id,1.74,98.78,78.98,78,100,2.66,Northern
kruisfontein,za,-34.0,24.73,53.82,80,86,3.94,Southern
mercedes,ar,-34.65,-59.43,55.51,30,66,4.0,Southern
vondrozo,mg,-22.82,47.28,55.99,87,83,2.64,Southern
axim,gh,4.87,-2.24,78.01,81,79,6.58,Northern
samfya,zm,-11.36,29.56,59.2,67,29,8.68,Southern
esperance,au,-33.87,121.9,51.8,81,90,5.82,Southern
kieta,pg,-6.22,155.63,82.4,74,83,1.25,Southern
moree,au,-29.47,149.85,39.2,93,0,8.05,Southern
humaita,br,-7.51,-63.02,82.72,64,73,2.37,Southern
auki,sb,-8.77,160.7,82.9,73,44,7.29,Southern
broome,au,-17.97,122.23,69.8,56,0,8.05,Southern
kendari,id,-3.94,122.5,73.6,95,79,4.07,Southern
sehithwa,bw,-20.47,22.72,53.08,42,0,5.39,Southern
cuamba,mz,-14.8,36.54,57.94,89,39,5.99,Southern
mporokoso,zm,-9.37,30.12,55.76,66,0,7.92,Southern
prado,br,-17.34,-39.22,75.52,78,50,12.5,Southern
hanmer springs,nz,-42.52,172.82,54.54,73,69,7.65,Southern
mahanoro,mg,-19.9,48.8,64.45,88,17,7.56,Southern
tres arroyos,ar,-38.37,-60.28,48.51,51,21,10.02,Southern
molina,cl,-35.12,-71.28,57.61,67,90,11.41,Southern
mareeba,au,-17.0,145.43,68.04,83,90,10.29,Southern
byron bay,au,-28.65,153.62,56.82,100,40,3.36,Southern
nabire,id,-3.37,135.48,76.24,90,100,4.18,Southern
coxim,br,-18.51,-54.76,76.37,49,0,3.96,Southern
luderitz,na,-26.65,15.16,69.8,13,0,9.17,Southern
soyo,ao,-6.13,12.37,72.37,92,1,2.59,Southern
rawson,ar,-43.3,-65.1,50.04,61,100,17.52,Southern
saint-denis,re,-20.87,55.47,61.81,73,17,13.87,Southern
sao joao da barra,br,-21.64,-41.05,73.4,78,98,13.87,Southern
sao francisco,br,-15.95,-44.86,68.77,68,47,4.12,Southern
guiratinga,br,-16.35,-53.76,72.82,58,0,5.37,Southern
bowen,au,-20.02,148.23,70.56,88,90,3.36,Southern
penha,br,-26.77,-48.65,65.14,82,75,1.45,Southern
cocal,br,-28.62,-49.35,57.67,90,52,1.88,Southern
moerai,pf,-22.43,-151.33,71.51,71,100,19.98,Southern
fenoarivo,mg,-18.93,47.44,55.4,87,75,3.36,Southern
lufilufi,ws,-13.87,-171.6,77.0,94,30,8.01,Southern
vila velha,br,-20.33,-40.29,71.6,88,90,6.93,Southern
dubbo,au,-32.25,148.62,37.4,87,90,5.82,Southern
kiunga,pg,-6.12,141.29,75.29,97,98,2.17,Southern
cabedelo,br,-6.98,-34.83,78.8,88,75,11.41,Southern
port shepstone,za,-30.74,30.45,56.21,64,0,10.65,Southern
santa rosa,ar,-36.62,-64.28,51.19,47,86,9.89,Southern
te anau,nz,-45.42,167.72,52.63,84,100,6.58,Southern
grand gaube,mu,-20.01,57.66,69.01,78,43,7.0,Southern
horsham,au,-36.72,142.2,52.59,89,100,11.14,Southern
ahipara,nz,-35.17,173.17,60.12,78,100,9.33,Southern
lobito,ao,-12.35,13.55,71.78,79,0,4.92,Southern
mananara,mg,-16.17,49.77,70.57,89,93,6.46,Southern
alagoa nova,br,-7.07,-35.76,69.57,97,17,7.16,Southern
sao jose da coroa grande,br,-8.9,-35.15,76.75,87,22,10.38,Southern
caravelas,br,-17.71,-39.25,76.28,74,59,11.36,Southern
tokomaru,nz,-40.47,175.5,53.01,88,100,0.29,Southern
mkushi,zm,-13.62,29.39,52.23,79,5,6.08,Southern
labuhan,id,-6.88,112.21,78.67,88,86,5.95,Southern
olinda,br,-8.01,-34.86,77.0,88,75,8.05,Southern
portland,au,-38.33,141.6,56.1,74,100,17.49,Southern
bukama,cd,-9.2,25.85,64.58,48,0,1.86,Southern
kirakira,sb,-10.45,161.92,82.29,77,62,12.21,Southern
san pedro,ar,-24.23,-64.87,60.82,45,10,6.42,Southern
tucurui,br,-3.77,-49.67,77.72,84,22,4.32,Southern
manjacaze,mz,-24.71,33.88,60.6,88,27,4.43,Southern
marondera,zw,-18.19,31.55,42.75,90,1,3.36,Southern
prainha,br,-1.8,-53.48,77.07,91,80,3.42,Southern
curup,id,-3.47,102.53,69.53,89,40,3.62,Southern
xapuri,br,-10.65,-68.5,79.18,68,13,1.86,Southern
passa quatro,br,-22.39,-44.97,57.47,95,37,2.1,Southern
lucapa,ao,-8.42,20.74,63.45,45,100,2.26,Southern
xai-xai,mz,-25.05,33.64,64.47,78,18,7.52,Southern
maracas,br,-13.44,-40.43,61.48,100,30,6.58,Southern
sao luiz gonzaga,br,-28.41,-54.96,64.85,95,0,6.89,Southern
henties bay,na,-22.12,14.28,62.01,54,0,5.95,Southern
cidreira,br,-30.18,-50.21,62.35,84,92,16.93,Southern
toowoomba,au,-27.55,151.97,48.99,100,39,4.7,Southern
maragogi,br,-9.01,-35.22,76.17,88,25,9.69,Southern
limulunga,zm,-15.1,23.14,60.93,53,14,9.48,Southern
samarai,pg,-10.62,150.67,79.93,83,49,18.66,Southern
puerto suarez,bo,-18.95,-57.8,80.6,57,3,6.93,Southern
dunedin,nz,-45.87,170.5,52.14,69,47,5.82,Southern
flic en flac,mu,-20.27,57.36,70.23,78,75,16.11,Southern
luangwa,zm,-15.62,30.42,59.94,60,6,2.89,Southern
riwaka,nz,-41.08,173.0,57.51,94,100,1.99,Southern
beira,mz,-19.84,34.84,71.29,68,40,10.29,Southern
campoverde,pe,-8.48,-74.81,84.2,66,40,8.05,Southern
durban,za,-29.86,31.03,58.35,76,0,4.7,Southern
banjar,id,-8.19,114.97,78.8,88,20,5.82,Southern
manaus,br,-3.1,-60.02,87.8,62,40,3.36,Southern
chirongui,yt,-12.93,45.15,78.8,69,90,11.41,Southern
saint-joseph,re,-21.37,55.62,62.73,77,39,16.11,Southern
hokitika,nz,-42.72,170.97,56.98,93,39,3.58,Southern
gamboma,cg,-1.88,15.86,77.86,65,25,2.24,Southern
kroya,id,-7.63,109.25,76.98,90,18,3.74,Southern
manakara,mg,-22.13,48.02,62.04,90,3,6.55,Southern
hambantota,lk,6.12,81.12,80.6,100,20,11.41,Northern
senanga,zm,-16.12,23.27,56.52,61,0,7.34,Southern
christchurch,nz,-43.53,172.63,53.6,76,14,4.7,Southern
tutoia,br,-2.76,-42.27,79.83,82,76,5.61,Southern
sao felix do xingu,br,-6.64,-51.99,75.87,83,91,2.35,Southern
mariental,na,-24.63,17.97,48.34,41,0,14.27,Southern
vangaindrano,mg,-23.35,47.6,65.01,75,88,3.94,Southern
mutoko,zw,-17.4,32.23,53.26,80,56,6.89,Southern
itacarambi,br,-15.1,-44.09,70.05,65,69,3.89,Southern
aracati,br,-4.56,-37.77,79.2,82,58,9.78,Southern
sikonge,tz,-5.63,32.77,61.05,49,0,4.76,Southern
castro alves,br,-12.77,-39.43,68.27,97,8,5.59,Southern
bukene,tz,-4.23,32.88,63.81,56,8,4.81,Southern
nelson bay,au,-32.72,152.15,48.63,93,0,10.29,Southern
paranaiba,br,-19.68,-51.19,70.54,50,0,5.91,Southern
dalby,au,-27.18,151.27,52.0,92,67,5.88,Southern
santa luzia,br,-19.77,-43.85,69.8,64,6,10.29,Southern
ialibu,pg,-6.28,143.99,59.0,100,75,0.47,Southern
caluquembe,ao,-13.78,14.68,52.79,50,0,3.22,Southern
guanay,bo,-15.5,-67.88,74.86,65,95,1.97,Southern
tsabong,bw,-26.02,22.4,46.0,48,0,8.52,Southern
katima mulilo,na,-17.5,24.27,55.4,58,0,5.08,Southern
jacareacanga,br,-6.22,-57.75,80.65,68,55,1.01,Southern
livramento,br,-3.03,-60.18,87.8,52,20,10.29,Southern
huarmey,pe,-10.07,-78.15,66.96,74,67,11.14,Southern
pangai,to,-19.8,-174.35,74.32,72,0,27.65,Southern
ruteng,id,-8.61,120.47,60.49,95,7,2.26,Southern
farafangana,mg,-22.82,47.83,64.9,85,82,2.37,Southern
ngunguru,nz,-35.62,174.5,59.43,79,100,10.0,Southern
kerema,pg,-7.96,145.78,79.16,86,100,2.46,Southern
ygatimi,py,-24.08,-55.5,70.03,77,0,4.9,Southern
walvis bay,na,-22.96,14.51,71.6,15,0,16.11,Southern
belmonte,br,-15.86,-38.88,71.6,94,75,6.93,Southern
mumford,gh,5.26,-0.76,78.85,84,53,10.04,Northern
pangkalanbuun,id,-2.68,111.62,74.5,98,15,2.35,Southern
cap malheureux,mu,-19.98,57.61,69.01,78,39,7.0,Southern
cacoal,br,-11.44,-61.45,77.09,70,11,1.48,Southern
omboue,ga,-1.57,9.26,74.77,89,100,6.8,Southern
butembo,cd,0.15,29.28,56.93,99,85,2.33,Northern
carolina,br,-7.33,-47.47,86.0,62,1,3.36,Southern
richards bay,za,-28.78,32.04,57.22,78,0,7.38,Southern
sola,vu,-13.88,167.55,84.2,79,90,21.92,Southern
manggar,id,-2.88,108.27,81.86,84,100,9.37,Southern
taguatinga,br,-12.39,-46.57,75.79,55,0,7.76,Southern
mackay,au,-21.15,149.2,66.79,77,90,10.29,Southern
taree,au,-31.9,152.47,44.76,87,0,4.7,Southern
gamba,ga,-2.65,10.0,73.06,90,79,5.77,Southern
tual,id,-5.67,132.75,81.16,81,79,24.79,Southern
natal,br,-5.79,-35.21,79.74,78,20,5.82,Southern
vallenar,cl,-28.57,-70.76,58.59,67,0,4.47,Southern
waipawa,nz,-41.41,175.52,54.82,87,100,23.04,Southern
poso,id,-1.4,120.75,76.91,82,86,3.36,Southern
buala,sb,-8.14,159.59,82.98,79,65,10.58,Southern
san cristobal,ec,-0.9,-89.62,77.0,69,20,16.11,Southern
opuwo,na,-18.06,13.84,56.39,44,0,7.05,Southern
tautira,pf,-17.73,-149.15,82.2,74,75,10.29,Southern
iquitos,pe,-3.75,-73.25,82.4,78,75,5.82,Southern
puyo,ec,-1.47,-77.98,75.2,73,75,2.24,Southern
colesberg,za,-30.72,25.1,39.78,63,0,9.78,Southern
osorno,cl,-40.57,-73.15,55.4,71,100,20.8,Southern
corrente,br,-3.74,-43.34,75.04,94,56,1.01,Southern
tadine,nc,-21.55,167.88,73.9,72,2,16.08,Southern
pitimbu,br,-7.47,-34.81,78.8,88,75,11.41,Southern
san rafael,ar,-34.62,-68.33,53.42,41,2,8.88,Southern
calama,cl,-22.47,-68.93,71.6,12,0,14.99,Southern
boyuibe,bo,-20.42,-63.28,70.83,60,0,7.87,Southern
aripuana,br,-9.17,-60.63,78.48,69,69,2.28,Southern
sungaipenuh,id,-2.08,101.38,65.59,93,77,3.18,Southern
pontes e lacerda,br,-15.23,-59.34,75.69,66,50,4.79,Southern
waitati,nz,-45.75,170.57,52.36,67,34,4.16,Southern
loandjili,cg,-4.76,11.86,73.4,94,75,3.36,Southern
andrelandia,br,-21.74,-44.31,57.9,93,32,4.47,Southern
menongue,ao,-14.66,17.69,52.14,60,0,4.47,Southern
poya,nc,-21.35,165.15,73.29,70,7,6.2,Southern
rurrenabaque,bo,-14.44,-67.53,75.0,70,84,0.63,Southern
constitucion,cl,-35.33,-72.42,55.38,85,100,27.69,Southern
angoram,pg,-4.06,144.07,76.5,97,63,1.48,Southern
vanimo,pg,-2.67,141.3,80.08,77,93,3.62,Southern
othaya,ke,-0.57,36.96,53.01,95,97,0.69,Southern
huambo,ao,-12.78,15.74,52.77,53,0,3.33,Southern
iringa,tz,-7.77,35.7,60.8,63,5,14.99,Southern
rodrigues alves,br,-7.74,-72.65,78.8,83,75,4.7,Southern
honiara,sb,-9.43,159.95,75.2,94,40,3.36,Southern
fare,pf,-16.7,-151.02,79.97,83,25,13.02,Southern
valdivia,cl,-39.81,-73.25,53.6,87,90,18.34,Southern
ambulu,id,-8.35,113.61,74.61,89,9,3.65,Southern
mosetse,bw,-20.75,26.65,52.05,53,8,10.36,Southern
rio pardo de minas,br,-15.61,-42.54,63.97,85,61,7.85,Southern
sao miguel do araguaia,br,-13.28,-50.16,75.34,54,0,4.5,Southern
meulaboh,id,4.14,96.13,76.78,88,100,4.25,Northern
tabou,ci,4.42,-7.35,78.55,82,99,6.44,Northern
vredendal,za,-31.67,18.5,55.65,55,0,5.5,Southern
atambua,id,-9.11,124.89,71.71,90,69,5.06,Southern
touros,br,-5.2,-35.46,78.8,83,40,5.82,Southern
arapongas,br,-23.42,-51.42,71.6,68,0,3.36,Southern
victor harbor,au,-35.57,138.62,55.99,93,76,11.1,Southern
presidencia roque saenz pena,ar,-26.79,-60.44,73.0,69,0,6.85,Southern
pozo colorado,py,-23.49,-58.8,71.8,74,0,3.29,Southern
randfontein,za,-26.18,27.7,42.6,60,0,6.33,Southern
valparaiso,cl,-33.04,-71.63,55.18,87,90,11.41,Southern
martapura,id,-3.42,114.85,74.95,97,93,1.99,Southern
mossendjo,cg,-2.95,12.73,68.83,99,10,2.55,Southern
parnamirim,br,-5.92,-35.26,79.92,78,20,5.82,Southern
bage,br,-31.33,-54.11,57.2,82,87,8.05,Southern
chake chake,tz,-5.25,39.77,76.33,75,67,12.24,Southern
keetmanshoop,na,-26.58,18.13,50.0,19,0,10.29,Southern
alenquer,br,-1.94,-54.74,80.2,77,57,1.72,Southern
cairns,au,-16.92,145.77,73.4,83,90,10.29,Southern
mancio lima,br,-7.61,-72.9,78.8,83,75,4.7,Southern
empangeni,za,-28.76,31.89,53.4,82,0,5.53,Southern
ixtapa,mx,20.7,-105.2,84.99,66,5,16.11,Northern
vryburg,za,-26.96,24.73,39.07,63,0,4.79,Southern
okato,nz,-39.2,173.88,55.02,82,100,11.99,Southern
san francisco,ar,-31.43,-62.08,59.0,47,28,1.99,Southern
mitsamiouli,km,-11.38,43.28,76.62,73,0,11.68,Southern
filadelfia,py,-22.35,-60.03,74.21,58,0,9.6,Southern
mocuba,mz,-16.84,36.99,59.32,97,0,4.03,Southern
perth,au,-31.93,115.83,55.51,82,80,5.82,Southern
collie,au,-33.37,116.15,53.58,84,94,3.42,Southern
nsanje,mw,-16.92,35.26,61.25,91,67,1.95,Southern
sao paulo de olivenca,br,-3.38,-68.87,78.67,96,70,1.63,Southern
antofagasta,cl,-23.65,-70.4,60.8,77,90,12.75,Southern
takoradi,gh,4.88,-1.76,78.4,81,82,6.93,Northern
jucurutu,br,-6.03,-37.02,81.86,65,61,10.22,Southern
pietersburg,za,-23.9,29.47,46.4,49,0,8.14,Southern
matara,lk,5.95,80.54,80.24,89,29,10.04,Northern
batatais,br,-20.89,-47.59,75.2,50,2,10.29,Southern
uige,ao,-7.61,15.06,67.12,50,16,2.73,Southern
alyangula,au,-13.85,136.42,73.4,83,0,3.36,Southern
malindi,ke,-3.22,40.12,78.17,74,100,20.22,Southern
san patricio,mx,19.22,-104.7,86.0,74,5,11.41,Northern
lorengau,pg,-2.02,147.27,83.79,75,43,10.0,Southern
kabinda,cd,-6.13,24.48,66.83,48,28,2.75,Southern
sambava,mg,-14.27,50.17,72.25,81,91,9.17,Southern
santiago,cl,-33.46,-70.65,54.55,47,100,2.24,Southern
puerto varas,cl,-41.32,-72.99,55.4,66,75,16.11,Southern
piranhas,br,-16.43,-51.82,73.04,52,0,5.35,Southern
rafaela,ar,-31.25,-61.49,59.0,47,68,1.99,Southern
puerto maldonado,pe,-12.6,-69.18,77.85,66,100,1.88,Southern
victoria point,au,-27.58,153.3,61.3,83,82,10.18,Southern
denpasar,id,-8.65,115.22,78.8,88,20,5.82,Southern
taltal,cl,-25.4,-70.48,58.26,79,100,4.07,Southern
altamira,br,-3.2,-52.21,82.4,83,20,2.24,Southern
comodoro rivadavia,ar,-45.87,-67.5,46.4,87,100,1.12,Southern
thamaga,bw,-24.67,25.54,48.2,49,0,1.12,Southern
maun,bw,-19.98,23.42,60.8,48,1,6.93,Southern
innisfail,au,-17.53,146.03,63.0,96,45,4.0,Southern
la rioja,ar,-29.41,-66.85,55.65,39,0,2.24,Southern
lichinga,mz,-13.31,35.24,55.2,76,75,11.41,Southern
bukavu,cd,-2.51,28.86,58.37,85,65,0.98,Southern
bealanana,mg,-14.55,48.73,59.14,91,98,3.18,Southern
inyonga,tz,-6.72,32.07,60.71,58,0,5.17,Southern
huari,pe,-9.33,-77.23,48.25,60,55,6.8,Southern
chimoio,mz,-19.12,33.48,55.18,100,20,4.7,Southern
porangatu,br,-13.44,-49.15,72.57,48,0,4.52,Southern
ananindeua,br,-1.37,-48.37,82.4,74,40,8.05,Southern
puerto leguizamo,co,-0.19,-74.78,77.94,93,50,2.15,Southern
saint-leu,re,-21.15,55.28,60.58,77,8,16.11,Southern
nova olimpia,br,-14.8,-57.29,75.69,56,0,2.91,Southern
tambun,id,-6.26,107.07,80.44,88,20,6.06,Southern
aliwal north,za,-30.69,26.71,37.78,64,0,8.14,Southern
joao pinheiro,br,-17.74,-46.17,66.04,67,5,7.9,Southern
mogadishu,so,2.04,45.34,79.16,79,90,21.0,Northern
de aar,za,-30.65,24.01,40.82,57,0,10.22,Southern
lithgow,au,-33.48,150.15,46.0,86,6,1.01,Southern
paysandu,uy,-32.32,-58.08,53.92,94,90,10.16,Southern
camabatela,ao,-8.19,15.38,63.01,46,13,3.09,Southern
mwinilunga,zm,-11.74,24.43,51.94,72,0,3.42,Southern
nosy varika,mg,-20.58,48.53,63.23,86,2,6.89,Southern
laela,tz,-8.57,32.05,51.6,83,0,3.71,Southern
itaituba,br,-4.28,-55.98,89.6,52,20,5.82,Southern
batemans bay,au,-35.72,150.18,44.01,93,0,1.01,Southern
camana,pe,-16.62,-72.71,63.79,75,61,5.86,Southern
butterworth,za,-32.33,28.15,47.1,90,36,3.62,Southern
francisco sa,br,-16.48,-43.49,68.27,72,88,6.93,Southern
luau,ao,-10.71,22.22,56.79,48,0,3.62,Southern
emerald,au,-23.53,148.17,53.78,66,0,13.87,Southern
urcos,pe,-13.69,-71.62,60.8,41,75,9.17,Southern
bindura,zw,-17.3,31.33,53.4,71,53,2.44,Southern
louis trichardt,za,-23.04,29.9,47.75,57,0,5.59,Southern
noumea,nc,-22.28,166.46,69.8,77,0,2.24,Southern
canelones,uy,-34.64,-56.29,56.05,58,58,12.75,Southern
upington,za,-28.45,21.26,39.2,27,0,7.61,Southern
bahia blanca,ar,-38.72,-62.27,52.39,45,94,6.85,Southern
grafton,au,-29.68,152.93,48.2,100,40,3.36,Southern
chinsali,zm,-10.54,32.08,55.96,70,33,7.14,Southern
angoche,mz,-16.23,39.91,69.6,84,76,9.37,Southern
joaima,br,-16.65,-41.03,67.78,87,57,4.65,Southern
murray bridge,au,-35.12,139.27,53.49,94,79,8.46,Southern
launceston,au,-41.45,147.17,51.22,81,40,23.04,Southern
sorong,id,-0.88,131.25,79.99,79,91,2.48,Southern
sao jose de ribamar,br,-2.56,-44.05,77.0,88,75,8.05,Southern
guarapari,br,-20.67,-40.5,71.6,88,90,6.93,Southern
bom jesus,br,-9.07,-44.36,76.14,56,10,3.44,Southern
eucaliptus,bo,-17.58,-67.52,53.51,41,0,5.06,Southern
dzaoudzi,yt,-12.79,45.27,78.8,69,90,11.41,Southern
brazzaville,cg,-4.27,15.28,75.2,83,19,5.82,Southern
beloha,mg,-25.17,45.05,62.04,94,0,7.63,Southern
trelew,ar,-43.25,-65.31,48.92,54,100,14.23,Southern
ilembo,tz,-9.25,33.38,49.05,100,68,5.23,Southern
port keats,au,-14.25,129.55,71.38,61,20,9.57,Southern
dowa,mw,-13.65,33.94,51.58,81,59,2.55,Southern
tulagi,sb,-9.1,160.15,75.2,94,40,3.36,Southern
nova aurora,br,-22.87,-52.57,66.7,85,0,9.66,Southern
huallanca,pe,-9.9,-76.94,54.97,48,76,7.83,Southern
adelaide,au,-34.93,138.6,54.55,93,75,9.17,Southern
swan hill,au,-35.34,143.55,51.4,83,100,8.7,Southern
monte patria,cl,-30.69,-70.95,56.44,69,99,3.51,Southern
charters towers,au,-20.1,146.27,65.95,91,99,9.46,Southern
marechal candido rondon,br,-24.56,-54.06,65.37,93,0,6.29,Southern
lagunas,pe,-5.23,-75.68,81.27,83,39,1.43,Southern
jamame,so,0.07,42.75,77.59,75,100,12.15,Northern
mwene-ditu,cd,-7.0,23.45,63.1,43,86,4.94,Southern
punta alta,ar,-38.88,-62.07,53.17,45,94,13.44,Southern
springbok,za,-29.66,17.89,49.44,44,0,18.34,Southern
cabinda,ao,-5.55,12.2,72.43,92,18,1.81,Southern
horqueta,py,-23.34,-57.06,72.95,69,0,5.77,Southern
kingori,tz,-3.28,36.98,62.6,88,40,3.33,Southern
palu,id,-0.89,119.87,75.4,82,76,2.28,Southern
jati,id,-6.52,106.2,80.89,83,20,5.82,Southern
abha,sa,18.22,42.51,72.45,46,12,2.08,Northern
bud,no,62.91,6.91,60.8,82,0,4.7,Northern
nikolskoye,ru,59.7,30.79,65.95,72,78,2.51,Northern
mier,mx,26.43,-99.15,90.0,60,2,4.0,Northern
latung,ph,5.5,120.88,83.07,75,69,6.76,Northern
los llanos de aridane,es,28.66,-17.92,72.01,78,54,2.24,Northern
bathsheba,bb,13.22,-59.52,84.2,66,40,19.46,Northern
barrow,us,71.29,-156.79,42.8,75,1,9.17,Northern
koungheul,sn,13.98,-14.8,93.15,40,80,12.35,Northern
la ronge,ca,55.1,-105.28,64.4,63,75,12.75,Northern
lagoa,pt,39.05,-27.98,64.67,90,56,21.09,Northern
yellowknife,ca,62.46,-114.35,53.6,66,90,20.8,Northern
thompson,ca,55.74,-97.86,68.0,77,75,3.36,Northern
upernavik,gl,72.79,-56.15,35.19,85,86,5.35,Northern
bilibino,ru,68.05,166.44,69.08,38,33,4.34,Northern
tuktoyaktuk,ca,69.45,-133.04,68.0,30,75,14.99,Northern
butaritari,ki,3.07,172.79,83.43,75,7,10.04,Northern
klaksvik,fo,62.23,-6.59,53.6,87,93,2.24,Northern
ponta do sol,pt,32.67,-17.1,68.2,94,75,6.93,Northern
lensk,ru,60.73,114.93,61.34,88,47,2.53,Northern
vila franca do campo,pt,37.72,-25.43,62.6,72,20,9.17,Northern
storforshei,no,66.4,14.52,47.35,93,68,3.0,Northern
cockburn town,bs,24.03,-74.52,80.49,78,100,13.82,Northern
katsuura,jp,35.13,140.3,74.44,78,75,6.93,Northern
dumai,id,1.68,101.45,75.4,94,100,2.46,Northern
tiksi,ru,71.69,128.87,52.47,70,100,18.37,Northern
cabo san lucas,mx,22.89,-109.91,92.26,24,5,11.41,Northern
khatanga,ru,71.97,102.5,47.44,67,97,10.98,Northern
dingle,ie,52.14,-10.27,55.63,92,53,6.46,Northern
golden,ca,51.3,-116.97,62.6,27,75,5.82,Northern
makakilo city,us,21.35,-158.09,80.87,57,90,17.22,Northern
laramie,us,41.31,-105.59,73.22,20,1,17.22,Northern
forrest city,us,35.01,-90.79,85.1,48,75,8.05,Northern
moron,mn,47.38,110.32,63.91,43,61,0.72,Northern
kodiak,us,57.79,-152.41,55.4,58,90,12.75,Northern
ribeira grande,pt,38.52,-28.7,64.06,88,89,19.73,Northern
razgrad,bg,43.53,26.52,64.29,90,100,2.21,Northern
kapaa,us,22.08,-159.32,81.3,65,20,13.87,Northern
kiruna,se,67.86,20.23,44.6,65,28,8.05,Northern
adrian,us,41.9,-84.04,73.81,49,40,12.75,Northern
dikson,ru,73.51,80.55,34.23,99,100,12.15,Northern
bethel,us,41.37,-73.41,72.52,43,1,6.93,Northern
hegang,cn,47.4,130.37,52.57,88,98,2.68,Northern
rafraf,tn,37.19,10.18,69.8,40,0,8.05,Northern
yerbogachen,ru,61.28,108.01,50.88,66,17,3.71,Northern
porto santo,pt,33.07,-16.34,69.8,88,40,9.17,Northern
tucupita,ve,9.06,-62.05,77.68,93,100,5.68,Northern
ahuimanu,us,21.44,-157.84,85.37,43,20,11.41,Northern
katangli,ru,51.71,143.23,41.0,90,100,4.0,Northern
belaya gora,ru,68.53,146.42,78.44,33,8,6.15,Northern
sinop,tr,41.77,34.87,59.54,82,2,8.28,Northern
semenivka,ua,52.18,32.58,65.03,95,29,7.9,Northern
san andres,co,12.58,-81.7,77.0,100,90,9.17,Northern
bac lieu,vn,9.29,105.72,82.35,77,100,1.23,Northern
kuusamo,fi,65.97,29.18,53.6,93,90,8.05,Northern
san felipe,mx,21.48,-101.22,82.4,26,40,8.05,Northern
manturovo,ru,58.34,44.76,52.92,85,11,3.58,Northern
hilo,us,19.73,-155.09,78.8,61,40,9.17,Northern
jalu,ly,29.03,21.55,74.21,61,0,14.63,Northern
qaanaaq,gl,77.48,-69.36,34.61,87,0,4.72,Northern
helong,cn,42.54,129.0,61.99,71,30,7.05,Northern
non thai,th,15.2,102.04,76.44,88,100,5.5,Northern
hovd,mn,48.01,91.64,61.95,43,9,3.85,Northern
longyearbyen,sj,78.22,15.64,37.4,74,75,17.22,Northern
balakhta,ru,55.38,91.6,48.79,77,56,2.01,Northern
gigmoto,ph,13.78,124.39,79.92,77,73,3.31,Northern
asfi,ma,32.3,-9.24,70.14,67,9,15.52,Northern
guaymas,mx,27.93,-110.9,94.68,63,5,12.75,Northern
talnakh,ru,69.49,88.4,39.2,69,84,11.18,Northern
pemangkat,id,1.17,108.97,78.31,89,100,6.93,Northern
clinton,us,42.59,-82.92,74.95,53,20,10.29,Northern
sung noen,th,14.9,101.82,75.38,88,100,4.5,Northern
sistranda,no,63.73,8.83,55.4,93,40,6.93,Northern
thunder bay,ca,48.4,-89.32,64.4,48,90,10.29,Northern
iqaluit,ca,63.75,-68.51,41.0,65,75,17.22,Northern
cap-aux-meules,ca,47.38,-61.86,57.2,47,40,9.17,Northern
mangrol,in,21.12,70.12,85.24,87,100,8.08,Northern
wattegama,lk,6.8,81.48,80.6,100,20,11.41,Northern
vestmannaeyjar,is,63.44,-20.27,47.14,70,100,10.92,Northern
hofn,is,64.25,-15.21,49.33,96,100,10.98,Northern
changtu,cn,42.78,124.1,64.02,63,0,5.61,Northern
alvand,ir,36.32,49.17,62.29,39,64,4.34,Northern
chemax,mx,20.65,-87.93,81.23,92,47,3.8,Northern
saint-georges,gf,3.9,-51.8,76.57,95,98,2.39,Northern
skjervoy,no,70.03,20.97,44.33,70,96,16.08,Northern
ust-maya,ru,60.42,134.53,61.34,56,1,5.19,Northern
vardo,no,70.37,31.11,42.8,75,20,14.99,Northern
gewane,et,10.17,40.65,88.32,34,47,11.99,Northern
nurota,uz,40.56,65.69,75.2,15,0,9.17,Northern
zykovo,ru,55.95,93.15,48.2,76,20,2.1,Northern
salekhard,ru,66.53,66.6,55.24,84,100,15.32,Northern
high level,ca,58.52,-117.14,57.2,93,90,6.93,Northern
half moon bay,us,37.46,-122.43,68.18,82,20,10.29,Northern
torbay,ca,47.67,-52.73,46.65,100,90,3.36,Northern
saskylakh,ru,71.92,114.08,51.31,76,98,13.58,Northern
nakamura,jp,32.98,132.93,72.09,71,88,6.06,Northern
nome,us,64.5,-165.41,67.12,42,75,4.99,Northern
santa rosalia,mx,27.32,-112.28,89.04,35,3,4.18,Northern
santa ana,ph,15.1,120.77,78.8,88,75,2.24,Northern
gallup,us,35.53,-108.74,88.2,9,1,20.8,Northern
uray,ru,60.12,64.78,59.29,68,47,8.79,Northern
sindon,ph,17.06,122.02,75.43,88,90,2.04,Northern
fort nelson,ca,58.81,-122.7,51.8,87,90,13.87,Northern
turukhansk,ru,65.82,87.98,42.78,64,55,4.54,Northern
kavaratti,in,10.57,72.64,84.25,79,100,22.3,Northern
kunming,cn,25.04,102.72,67.28,93,90,8.95,Northern
nizwa,om,22.93,57.53,88.9,33,44,3.06,Northern
khandyga,ru,62.67,135.6,67.03,50,25,2.44,Northern
sinegorye,ru,62.08,150.48,68.86,38,2,0.94,Northern
yining,cn,29.04,114.56,76.89,89,58,1.95,Northern
chiang klang,th,19.29,100.86,75.33,88,100,1.52,Northern
pleshanovo,ru,52.83,53.48,53.87,92,0,6.26,Northern
coos bay,us,43.37,-124.22,59.63,77,90,10.29,Northern
nikolayevsk-na-amure,ru,53.14,140.73,41.32,88,100,3.51,Northern
raymond,ca,49.45,-112.65,64.36,40,75,20.8,Northern
boguchany,ru,58.38,97.45,46.99,75,17,3.24,Northern
marion,us,39.77,-86.16,77.36,39,40,5.82,Northern
raahe,fi,64.68,24.48,57.76,82,78,6.93,Northern
tasiilaq,gl,65.61,-37.64,41.0,80,72,3.36,Northern
vitim,ru,59.45,112.56,62.1,88,44,1.16,Northern
chokurdakh,ru,70.63,147.92,66.54,50,82,9.48,Northern
fairbanks,us,64.84,-147.72,71.96,56,40,4.7,Northern
san juan,us,26.19,-98.16,85.91,46,52,4.7,Northern
jiaonan,cn,35.88,119.98,70.52,88,91,2.24,Northern
ketchikan,us,55.34,-131.65,59.38,55,40,12.75,Northern
shache,cn,38.42,77.24,72.64,29,100,9.62,Northern
marawi,sd,18.48,31.82,90.28,12,41,15.35,Northern
cananea,mx,30.95,-110.3,85.66,28,62,1.99,Northern
garowe,so,8.41,48.48,84.18,43,6,18.43,Northern
sebeta,et,8.92,38.62,60.8,87,40,6.93,Northern
yavaros,mx,26.7,-109.52,99.5,31,0,11.01,Northern
saint george,bm,32.38,-64.68,75.38,73,75,8.05,Northern
bayanday,ru,53.07,105.51,55.74,90,98,5.61,Northern
praia da vitoria,pt,38.73,-27.07,64.4,82,75,10.42,Northern
adrar,dz,25.75,-1.0,96.53,8,0,8.99,Northern
channel-port aux basques,ca,47.57,-59.14,51.94,57,92,9.78,Northern
oistins,bb,13.07,-59.53,84.2,66,40,19.46,Northern
wanlaweyn,so,2.62,44.89,75.09,83,72,14.85,Northern
pachino,it,36.72,15.09,66.99,74,0,9.13,Northern
aykhal,ru,66.0,111.5,50.0,61,0,8.95,Northern
prince rupert,ca,54.32,-130.32,60.8,67,75,9.17,Northern
filingue,ne,14.35,3.32,99.3,29,35,3.22,Northern
swan river,ca,52.11,-101.27,68.88,55,0,17.2,Northern
santa clarita,us,34.39,-118.54,86.11,42,5,5.82,Northern
kungurtug,ru,50.6,97.52,50.95,85,90,0.54,Northern
uddevalla,se,58.35,11.94,57.79,79,1,3.38,Northern
babu,cn,24.42,111.52,76.12,88,81,3.36,Northern
ninghai,cn,29.29,121.42,79.3,95,99,0.45,Northern
birjand,ir,32.87,59.22,78.8,9,0,6.93,Northern
havoysund,no,71.0,24.66,41.0,80,75,24.16,Northern
colares,pt,38.8,-9.45,64.62,84,80,8.01,Northern
lompoc,us,34.64,-120.46,69.93,60,3,16.11,Northern
colwyn bay,gb,53.29,-3.73,57.33,96,73,1.39,Northern
golaghat,in,26.52,93.97,77.92,97,100,3.62,Northern
nanortalik,gl,60.14,-45.24,41.83,80,96,3.58,Northern
hare bay,ca,48.85,-54.01,62.29,67,75,18.34,Northern
komsomolskiy,ru,43.98,46.7,72.68,77,100,3.53,Northern
ojinaga,mx,29.57,-104.42,96.44,15,1,8.05,Northern
santa isabel,mx,28.38,-113.35,91.36,12,0,6.93,Northern
hasaki,jp,35.73,140.83,73.2,88,75,5.82,Northern
sibu,my,2.3,111.82,77.0,88,75,5.82,Northern
bandarbeyla,so,9.49,50.81,80.71,73,22,29.21,Northern
sabang,id,5.89,95.32,81.86,78,100,8.61,Northern
sur,om,22.57,59.53,89.98,54,67,10.87,Northern
port hardy,ca,50.7,-127.42,53.6,93,90,4.7,Northern
yunhe,cn,34.08,119.72,76.28,80,99,3.74,Northern
solnechnyy,ru,50.72,136.63,46.15,87,100,6.33,Northern
beyneu,kz,45.32,55.2,75.4,26,30,18.01,Northern
nouadhibou,mr,20.93,-17.03,87.8,38,35,34.45,Northern
van buren,us,35.44,-94.35,93.09,34,1,3.87,Northern
takab,ir,36.4,47.11,58.42,46,1,2.51,Northern
korla,cn,41.76,86.15,78.01,42,0,1.99,Northern
kanturk,ie,52.17,-8.9,57.42,87,75,4.7,Northern
sept-iles,ca,50.2,-66.38,61.88,42,75,6.93,Northern
ponta delgada,pt,37.73,-25.67,62.6,72,20,9.17,Northern
mayo,ca,63.59,-135.9,75.2,31,90,10.29,Northern
carutapera,br,-1.2,-46.02,78.48,85,66,6.04,Southern
bad windsheim,de,49.5,10.42,58.01,100,90,4.7,Northern
langres,fr,47.83,5.33,58.5,84,17,5.28,Northern
wilmington,us,34.23,-77.94,68.38,93,90,10.29,Northern
champerico,gt,14.3,-91.92,87.8,66,75,9.17,Northern
kichha,in,28.92,79.5,86.68,57,0,8.72,Northern
bajil,ye,15.06,43.29,92.71,41,30,1.99,Northern
troitskoye,ru,52.98,84.68,46.09,90,11,3.6,Northern
strezhevoy,ru,60.73,77.59,44.6,93,20,2.24,Northern
mamburao,ph,13.25,120.67,76.91,77,86,5.06,Northern
aklavik,ca,68.22,-135.01,64.4,63,75,8.05,Northern
anadyr,ru,64.75,177.48,48.09,76,81,13.42,Northern
yamada,jp,39.47,141.95,70.23,63,57,6.67,Northern
burlington,us,39.88,-74.64,70.5,40,1,17.22,Northern
casablanca,ma,33.59,-7.62,67.93,72,23,8.05,Northern
burayevo,ru,55.84,55.41,53.55,88,0,3.47,Northern
lieksa,fi,63.32,30.02,58.44,67,51,5.95,Northern
cayenne,gf,4.93,-52.33,77.0,100,100,3.36,Northern
santa maria la alta,mx,18.6,-97.67,81.0,38,16,10.0,Northern
shimoda,jp,34.67,138.95,72.0,78,72,1.7,Northern
kisangani,cd,0.52,25.2,72.72,85,67,1.34,Northern
pokhara,np,28.23,83.98,72.03,76,74,1.74,Northern
san quintin,mx,30.48,-115.95,69.35,62,1,11.61,Northern
oktyabrskoye,ru,43.06,44.74,68.0,82,40,8.95,Northern
opochka,ru,56.71,28.66,62.51,96,69,4.83,Northern
nanpara,in,27.87,81.5,87.01,55,17,8.99,Northern
harper,lr,4.38,-7.72,78.66,82,100,6.78,Northern
abu dhabi,ae,24.47,54.37,92.88,41,0,8.05,Northern
muros,es,42.78,-9.06,61.0,90,100,1.99,Northern
kahului,us,20.89,-156.47,79.97,43,40,23.04,Northern
deputatskiy,ru,69.3,139.9,69.17,34,19,15.21,Northern
marystown,ca,47.17,-55.15,53.71,91,99,1.19,Northern
cherskiy,ru,68.75,161.3,74.1,33,92,9.55,Northern
mabaruma,gy,8.2,-59.78,78.94,83,100,4.94,Northern
zhangye,cn,38.93,100.45,64.11,47,100,1.54,Northern
batsfjord,no,70.63,29.72,42.8,75,20,14.99,Northern
tessalit,ml,20.2,1.01,98.35,9,0,15.73,Northern
berlevag,no,70.86,29.09,41.0,80,75,19.46,Northern
pangnirtung,ca,66.15,-65.71,39.2,80,90,18.34,Northern
biltine,td,14.53,20.92,87.98,22,7,11.18,Northern
borogontsy,ru,62.67,131.17,63.55,60,0,5.1,Northern
ko samui,th,9.54,99.94,84.25,71,100,5.84,Northern
smithers,ca,54.78,-127.17,60.8,38,75,11.41,Northern
fiumicino,it,41.77,12.23,67.42,88,0,3.36,Northern
moussoro,td,13.64,16.49,93.81,35,40,9.57,Northern
seoul,kr,37.57,126.98,68.61,88,75,4.7,Northern
dakar,sn,14.69,-17.44,80.6,88,17,2.24,Northern
ugoofaaru,mv,5.67,73.0,84.6,77,93,17.74,Northern
buchanan,lr,5.88,-10.05,78.48,89,43,8.19,Northern
tilichiki,ru,60.47,166.1,52.12,59,81,5.3,Northern
novokizhinginsk,ru,51.61,109.59,62.08,56,3,2.33,Northern
satana,in,20.58,74.2,75.38,88,100,5.12,Northern
marfino,ru,55.7,37.38,63.23,72,87,6.71,Northern
leningradskiy,ru,69.38,178.42,50.02,74,0,5.95,Northern
chodavaram,in,17.83,82.95,84.43,73,100,4.05,Northern
shelburne,ca,44.08,-80.2,72.12,33,1,5.82,Northern
upata,ve,8.01,-62.4,79.0,87,100,1.01,Northern
boa vista,br,2.82,-60.67,80.6,74,40,8.05,Northern
orchard homes,us,46.86,-114.05,57.69,54,90,11.41,Northern
shingu,jp,33.73,135.98,72.21,73,100,4.97,Northern
noyabrsk,ru,63.2,75.45,48.24,64,45,13.96,Northern
port blair,in,11.67,92.75,82.71,81,100,18.81,Northern
sao filipe,cv,14.9,-24.5,76.73,79,0,5.61,Northern
kadarkut,hu,46.24,17.62,62.6,93,100,4.7,Northern
bundu,in,23.18,85.58,75.2,100,90,5.82,Northern
severo-kurilsk,ru,50.68,156.12,42.22,90,99,13.87,Northern
guerrero negro,mx,27.98,-114.06,73.63,53,0,19.48,Northern
ostrovnoy,ru,68.05,39.51,44.22,76,100,9.71,Northern
lavrentiya,ru,65.58,-171.0,52.59,50,62,3.49,Northern
paltinis,ro,48.22,26.65,66.47,82,1,2.13,Northern
puri,in,19.8,85.85,78.8,100,75,4.7,Northern
algodones,mx,20.39,-105.48,84.92,66,5,16.11,Northern
emba,kz,48.83,58.14,58.78,44,0,6.8,Northern
maniitsoq,gl,65.42,-52.9,39.69,77,99,9.4,Northern
norman wells,ca,65.28,-126.83,69.8,40,75,14.99,Northern
sioux lookout,ca,50.1,-91.92,77.0,47,75,11.41,Northern
atar,mr,20.52,-13.05,101.82,14,0,9.15,Northern
kishtwar,in,33.32,75.77,61.21,41,0,4.63,Northern
salinopolis,br,-0.61,-47.36,80.2,83,100,9.53,Southern
redmond,us,47.67,-122.12,59.58,89,100,9.19,Northern
colonial heights,us,37.27,-77.41,63.91,88,90,4.7,Northern
anshun,cn,26.25,105.93,66.9,93,95,15.23,Northern
kontagora,ng,10.4,5.47,79.02,83,47,2.3,Northern
dutse,ng,11.76,9.34,74.66,73,94,16.71,Northern
pacific grove,us,36.62,-121.92,66.81,60,1,9.17,Northern
husavik,is,66.04,-17.34,53.6,58,89,26.4,Northern
pevek,ru,69.7,170.31,40.75,79,45,1.74,Northern
provideniya,ru,64.38,-173.3,53.6,58,99,8.95,Northern
chapaevsk,ru,52.98,49.71,55.4,76,0,4.47,Northern
ankpa,ng,7.37,7.63,75.43,86,66,1.59,Northern
hami,cn,42.8,93.45,74.5,28,0,10.29,Northern
whitehorse,ca,60.72,-135.05,59.23,62,75,6.93,Northern
bridlington,gb,54.08,-0.19,55.81,100,100,4.7,Northern
tokur,ru,53.13,132.9,43.59,84,100,4.88,Northern
batagay-alyta,ru,67.8,130.41,63.25,43,98,11.5,Northern
olafsvik,is,64.89,-23.71,45.37,74,93,17.36,Northern
salalah,om,17.02,54.09,86.0,89,40,1.12,Northern
puerto del rosario,es,28.5,-13.86,73.4,88,0,8.05,Northern
saint-pierre,pm,46.77,-56.17,53.6,81,75,5.82,Northern
szczytno,pl,53.56,20.99,51.85,92,0,0.29,Northern
arlit,ne,18.74,7.39,99.45,8,0,10.83,Northern
brae,gb,60.4,-1.35,57.2,71,4,13.87,Northern
bacsbokod,hu,46.12,19.16,62.98,95,100,7.61,Northern
alice town,bs,25.72,-79.3,82.62,64,98,4.03,Northern
rosarito,mx,32.33,-117.03,73.38,60,20,10.29,Northern
bairiki,ki,1.33,172.98,86.0,70,40,6.93,Northern
esso,ru,55.93,158.7,61.0,44,79,4.9,Northern
obama,jp,35.5,135.75,70.84,88,66,0.81,Northern
chiplun,in,17.53,73.52,78.87,89,100,2.42,Northern
oliver,ca,49.18,-119.55,64.4,42,75,14.99,Northern
malaut,in,30.22,74.48,93.78,13,0,5.86,Northern
kloulklubed,pw,7.04,134.26,75.2,94,90,5.95,Northern
shu,kz,43.6,73.76,70.68,36,85,9.69,Northern
lovozero,ru,68.0,35.01,45.82,69,100,10.6,Northern
khasan,ru,42.43,130.64,62.42,74,3,9.6,Northern
barinas,ve,8.62,-70.21,73.92,94,100,1.92,Northern
suhut,tr,38.53,30.55,63.28,58,60,3.94,Northern
inuvik,ca,68.35,-133.72,73.4,23,75,10.29,Northern
galdar,es,28.15,-15.65,73.45,83,4,11.41,Northern
liberal,us,37.04,-100.92,95.0,20,1,24.16,Northern
odweyne,so,9.41,45.06,73.53,62,46,12.33,Northern
chernyshevskiy,ru,63.01,112.47,53.19,64,99,2.68,Northern
clyde river,ca,70.47,-68.59,32.0,96,90,21.92,Northern
khash,ir,28.22,61.22,73.22,19,1,1.21,Northern
ilulissat,gl,69.22,-51.1,37.4,74,98,8.05,Northern
riyadh,sa,24.69,46.72,93.2,18,0,3.36,Northern
floro,no,61.6,5.03,60.8,72,11,2.24,Northern
lang son,vn,21.83,106.73,74.03,95,56,3.42,Northern
beckley,us,37.78,-81.19,57.9,67,90,10.29,Northern
aktash,ru,50.3,87.73,41.45,96,58,1.86,Northern
bibiani,gh,6.46,-2.32,72.55,99,82,2.04,Northern
dhidhdhoo,mv,6.88,73.1,84.27,78,94,19.39,Northern
liverpool,ca,44.03,-64.72,62.01,78,73,1.01,Northern
paamiut,gl,61.99,-49.67,40.39,90,100,22.73,Northern
houma,us,29.6,-90.72,90.88,46,1,3.36,Northern
sitka,us,57.05,-135.33,55.4,76,90,8.05,Northern
saint-ambroise,ca,48.55,-71.33,74.14,25,75,13.87,Northern
berdigestyakh,ru,62.1,126.7,59.23,69,0,4.74,Northern
agua dulce,mx,18.13,-94.13,86.0,70,75,11.41,Northern
faranah,gn,10.04,-10.74,77.09,81,43,6.26,Northern
jonuta,mx,18.08,-92.13,86.0,70,40,6.71,Northern
piterka,ru,50.68,47.45,57.78,65,27,10.0,Northern
coahuayana,mx,18.73,-103.68,87.8,62,40,17.22,Northern
lewiston,us,44.1,-70.21,68.85,43,75,9.17,Northern
phuket,th,8.0,98.25,75.2,100,20,2.24,Northern
fortuna,us,40.6,-124.16,60.4,100,40,10.29,Northern
lac du bonnet,ca,50.25,-96.06,84.0,52,94,5.01,Northern
carballo,es,43.21,-8.69,58.6,77,97,4.25,Northern
andenes,no,69.31,16.12,44.6,81,97,3.36,Northern
tukrah,ly,32.53,20.58,72.5,74,0,19.75,Northern
sambo creek,hn,15.82,-86.68,82.4,83,75,5.82,Northern
benjamin hill,mx,30.17,-111.1,98.24,23,0,8.01,Northern
dauriya,ru,49.93,116.87,68.13,46,0,2.48,Northern
nalut,ly,30.33,10.85,71.78,36,0,16.6,Northern
baherden,tm,38.44,57.43,90.54,13,0,5.73,Northern
san juan de la maguana,do,18.81,-71.23,87.8,66,40,11.41,Northern
mitsukaido,jp,36.02,139.98,77.99,92,76,4.07,Northern
svetlogorsk,ru,54.94,20.15,57.2,87,75,2.24,Northern
socorro,us,31.65,-106.3,95.52,13,75,10.29,Northern
safaga,eg,26.73,33.94,82.4,30,0,14.99,Northern
hamilton,bm,32.29,-64.78,75.06,73,75,8.05,Northern
shirokiy,ru,49.76,129.52,56.75,89,74,4.56,Northern
marapanim,br,-0.72,-47.7,76.93,93,100,3.98,Southern
aguimes,es,27.91,-15.45,73.42,83,1,11.41,Northern
roald,no,62.58,6.13,55.98,93,4,14.99,Northern
bedford,gb,52.13,-0.47,61.54,78,42,2.26,Northern
chunskiy,ru,56.08,99.63,53.22,82,100,1.95,Northern
nanga eboko,cm,4.68,12.37,70.21,95,75,2.59,Northern
saint-augustin,ca,51.23,-58.65,63.25,37,3,26.13,Northern
north bend,us,43.41,-124.22,59.74,77,90,10.29,Northern
jiazi,cn,22.88,116.07,80.15,87,0,4.83,Northern
camacha,pt,33.08,-16.33,69.8,88,40,9.17,Northern
kastamonu,tr,41.5,33.67,53.19,88,4,1.21,Northern
sulangan,ph,11.14,123.72,82.78,78,100,9.89,Northern
canyon,us,34.98,-101.92,89.67,24,1,5.99,Northern
dudinka,ru,69.41,86.18,39.2,69,79,11.18,Northern
hirara,jp,24.8,125.28,82.4,83,75,12.75,Northern
evensk,ru,61.95,159.23,60.37,46,1,2.39,Northern
srednekolymsk,ru,67.45,153.68,80.11,28,89,9.37,Northern
santa maria,cv,16.6,-22.9,80.6,78,0,9.17,Northern
sokoto,ng,13.06,5.24,95.56,35,14,4.76,Northern
cervo,es,43.67,-7.41,59.04,85,33,3.0,Northern
ibresi,ru,55.3,47.04,51.94,94,4,2.91,Northern
de-kastri,ru,51.47,140.78,45.84,80,100,3.22,Northern
tarakan,id,3.3,117.63,78.31,89,91,6.13,Northern
coachella,us,33.68,-116.17,98.24,16,1,9.17,Northern
beringovskiy,ru,63.05,179.32,44.33,82,98,5.17,Northern
puerto penasco,mx,31.32,-113.53,82.99,58,0,8.01,Northern
bucerias,mx,20.75,-105.33,84.99,66,5,16.11,Northern
ocampo,mx,21.65,-101.5,76.64,22,0,13.4,Northern
wilhelmshaven,de,53.52,8.13,60.39,93,40,4.7,Northern
narsaq,gl,60.92,-46.05,41.0,80,95,11.41,Northern
del rio,us,29.36,-100.9,93.2,30,40,17.22,Northern
ekibastuz,kz,51.67,75.37,57.27,52,100,14.14,Northern
palmer,us,42.16,-72.33,71.47,38,75,8.05,Northern
kulunda,ru,52.57,78.94,50.49,69,94,6.96,Northern
mahon,es,39.89,4.27,66.2,93,75,3.36,Northern
kamalapuram,in,14.58,78.65,84.72,59,100,13.09,Northern
juneau,us,58.3,-134.42,55.4,76,90,4.7,Northern
nouakchott,mr,18.09,-15.98,78.8,78,0,13.87,Northern
acapulco,mx,16.86,-99.89,87.8,66,5,11.41,Northern
kautokeino,no,69.01,23.04,42.91,65,37,10.16,Northern
dong hoi,vn,17.48,106.6,80.15,78,100,7.09,Northern
akureyri,is,65.68,-18.09,53.6,58,80,26.4,Northern
kousseri,cm,12.08,15.03,86.0,74,60,4.7,Northern
oktyabrskiy,ru,54.48,53.47,52.36,85,0,1.32,Northern
pagudpud,ph,18.56,120.79,77.0,94,40,2.24,Northern
yamethin,mm,20.43,96.15,77.38,82,100,11.86,Northern
san lawrenz,mt,36.06,14.2,69.13,77,0,13.87,Northern
xining,cn,36.62,101.77,53.62,84,100,0.69,Northern
leh,in,34.17,77.58,49.14,44,0,3.83,Northern
scottsbluff,us,41.87,-103.67,83.64,21,1,8.05,Northern
aksu,cn,41.12,80.26,72.79,32,89,8.12,Northern
sangar,ru,63.92,127.47,60.3,66,1,8.19,Northern
kudahuvadhoo,mv,2.67,72.89,84.09,77,83,13.0,Northern
melk,at,48.23,15.33,59.34,93,100,11.99,Northern
sinnamary,gf,5.38,-52.95,79.29,84,100,5.64,Northern
bata,gq,1.86,9.77,80.6,94,40,3.36,Northern
wagar,sd,16.15,36.2,90.88,37,84,2.21,Northern
mnogovershinnyy,ru,53.94,139.92,38.55,97,100,4.68,Northern
san jose,gt,16.98,-89.9,84.0,85,52,2.55,Northern
parga,gr,39.28,20.4,64.31,88,20,13.87,Northern
sayyan,ye,15.17,44.32,65.82,27,59,2.84,Northern
paracuru,br,-3.41,-39.03,82.0,71,40,13.0,Southern
havelock,us,34.88,-76.9,69.69,94,100,7.0,Northern
panacan,ph,9.25,118.41,80.6,83,40,4.7,Northern
lumberton,us,34.62,-79.01,62.01,100,90,11.41,Northern
jiwani,pk,25.05,61.74,84.27,89,98,8.12,Northern
kenora,ca,49.82,-94.43,73.2,49,75,16.11,Northern
navlya,ru,52.83,34.5,65.03,97,28,6.73,Northern
bardiyah,ly,31.76,25.09,75.38,54,0,13.65,Northern
prince albert,ca,53.2,-105.77,59.0,77,75,20.8,Northern
luang prabang,la,19.89,102.13,73.76,88,96,1.03,Northern
monrovia,lr,6.3,-10.8,78.8,94,40,8.61,Northern
naliya,in,23.27,68.83,84.18,83,100,12.17,Northern
hit,iq,33.64,42.83,88.86,21,40,14.38,Northern
kharp,ru,66.8,65.81,53.38,83,100,6.87,Northern
raton,us,36.9,-104.44,75.2,27,90,27.51,Northern
dzhebariki-khaya,ru,62.22,135.8,67.71,50,8,1.66,Northern
egvekinot,ru,66.32,-179.17,50.68,65,4,4.03,Northern
vista hermosa,co,3.12,-73.75,79.95,85,14,2.08,Northern
makubetsu,jp,45.37,141.82,56.35,90,95,3.94,Northern
kelo,td,9.31,15.81,77.76,73,100,6.49,Northern
san rafael del sur,ni,11.85,-86.44,81.86,81,87,4.18,Northern
barentu,er,15.11,37.59,73.9,60,65,7.87,Northern
livny,ru,52.43,37.61,61.27,95,10,7.99,Northern
amapa,br,1.0,-52.0,74.98,97,100,2.42,Northern
varna,ru,53.38,60.97,53.33,83,8,6.91,Northern
tailai,cn,46.38,123.4,69.42,54,0,6.85,Northern
kurayoshi,jp,35.43,133.82,68.68,77,84,8.05,Northern
llano largo,pa,7.9,-80.43,80.6,72,90,4.7,Northern
arman,ru,59.7,150.17,58.87,52,1,3.49,Northern
behbahan,ir,30.6,50.24,77.0,17,0,9.1,Northern
homer,us,59.64,-151.55,56.16,76,1,14.99,Northern
praia,cv,14.92,-23.51,82.4,69,0,5.82,Northern
itoman,jp,26.12,127.67,82.27,94,75,13.87,Northern
kushima,jp,31.46,131.23,73.4,88,75,10.29,Northern
ciudad guayana,ve,8.35,-62.65,79.0,87,100,1.01,Northern
severnyy,ru,50.68,36.55,66.2,63,53,6.71,Northern
nuuk,gl,64.18,-51.72,39.2,80,90,21.92,Northern
kalmunai,lk,7.42,81.82,82.26,74,99,6.17,Northern
dharmanagar,in,24.37,92.17,77.2,95,100,4.18,Northern
zyryanka,ru,65.75,150.85,78.21,33,68,8.41,Northern
kulhudhuffushi,mv,6.62,73.07,84.33,78,93,18.72,Northern
moose factory,ca,51.26,-80.61,78.8,24,1,14.99,Northern
makokou,ga,0.57,12.86,71.22,93,50,1.86,Northern
grand-santi,gf,4.25,-54.38,75.79,95,92,3.36,Northern
qasigiannguit,gl,68.82,-51.19,37.4,74,86,8.05,Northern
parrita,cr,9.52,-84.32,69.33,94,75,2.24,Northern
